Station ,Sample Number ,Date M/D/Y,Time hh:mm,Total Coliform MPN,Data Qualifier ,E. Coli  MPN,Data Qualifier ,BOD5  mg/l,Data Qualifier ,NO2F mg/l,Data Qualifier ,NH3f mg/l,Data Qualifier ,TSS mg/l,Data Qualifier ,PO4F mg/l,Data Qualifier ,NO2+NO3F mg/l,Data Qualifier ,,,,,,,
TWB01,18120301,12/3/2018,11:30,,T,317,,0.8,E,0.027,,0.199,,1,E,,A,,A,,,,,,,
TWB05,18120302,12/3/2018,11:06,,T,548,,1.1,,>.500,,0.141,,2,E,,A,,A,,,,,,,
TWB06,18120303,12/3/2018,11:09,,T,548,,0.3,E,0.055,,0.166,,2,E,,A,,A,,,,,,,
THR01,18120304,12/3/2018,11:50,,T,548,,1.0,,0.030,,0.128,,2,E,,A,,A,,,,,,,
KNG01,18120305,12/3/2018,10:25,,T,185,,2.1,,0.023,,0.702,,26,,,A,,A,,,,,,,
KNG02,18120306,12/3/2018,10:45,,T,579,,2.5,,0.017,,0.240,,28,,,A,,A,,,,,,,
TOR01,18120307,12/3/2018,9:37,,T,101,,,,,,,,,,,,,,,,,,,,
TPB01,18120308,12/3/2018,10:11,,T,27,,,,,,,,,,,,,,,,,,,,
TTX27,18120309,12/3/2018,9:59,,T,36,,,,,,,,,,,,,,,,,,,,
TDP01,18120310,12/3/2018,10:25,,T,194,,2.3,,0.038,,>1.0,,25,,,A,,A,,,,,,,
TDP02,18120311,12/3/2018,9:37,,T,,,,,,,,,,,,,,,,,,,,,
TDP03,18120312,12/3/2018,9:37,,T,,,,,,,,,,,,,,,,,,,,,
TDP05,18120314,12/3/2018,11:50,,T,,,,,,,,,,,,,,,,,,,,,
PTB01,18120402,12/4/2018,10:06,,T,,,1.5,,0.017,,0.043,,6,,,A,,A,,,,,,,
RCR01,18120403,12/4/2018,11:34,,T,,,0.9,E,0.017,,0.126,,4,,,A,,A,,,,,,,
RCR09,18120404,12/4/2018,10:43,,T,,,0.6,E,0.033,,0.248,,4,,,A,,A,,,,,,,
TPI01,18120405,12/4/2018,11:48,,T,,,,,,,,,,,,,,,,,,,,,
TPY01,18120406,12/4/2018,10:55,,T,,,,,,,,,,,,,,,,,,,,,
TNS01,18120407,12/4/2018,10:29,,T,,,,,,,,,,,,,,,,,,,,,
TPO01,18120408,12/4/2018,11:21,,T,,,,,,,,,,,,,,,,,,,,,
TSO01,18120409,12/4/2018,11:04,,T,,,,,,,,,,,,,,,,,,,,,
RCR12,18120410,12/4/2018,10:06,,T,,,1.4,,0.011,,0.038,,6,,,A,,A,,,,,,,
RCR13,18120411,12/4/2018,10:06,,T,,,,,,,,,,,,,,,,,,,,,
RCR14,18120412,12/4/2018,10:06,,T,,,,,,,,,,,,,,,,,,,,,
PMS01,18121001,12/10/2018,10:21,531,,13,,2.3,,0.006,E,,"E, N",2,E,,A,,A,,,,,,,
PMS10,18121002,12/10/2018,10:31,260,,10,,2.5,,0.006,E,0.001,E,2,E,,A,,A,,,,,,,
PMS21,18121003,12/10/2018,10:55,461,,10,,2.3,,0.006,E,,"E, N",2,E,,A,,A,,,,,,,
PMS29,18121004,12/10/2018,11:04,411,,17,,2.0,,0.007,E,,"E, N",2,E,,A,,A,,,,,,,
PMS37,18121005,12/10/2018,11:14,435,,8,,2.2,,0.008,E,0.029,,2,E,,A,,A,,,,,,,
PMS44,18121006,12/10/2018,11:27,488,,8,,2.2,,0.006,E,0.007,,3,E,,A,,A,,,,,,,
PMS51,18121007,12/10/2018,11:26,416,,36,,2.3,,0.009,E,0.004,E,8,,,A,,A,,,,,,,
PMS52,18121008,12/10/2018,11:14,517,,14,,2.3,,0.007,E,,"E, N",2,E,,A,,A,,,,,,,
PMS53,18121009,12/10/2018,10:21,,,,,,,,,,,,,,,,,,,,,,,
DC-C1,18121011,12/10/2018,10:31,,,,,,,0.008,E,,"E, N",2,E,,A,,A,,,,,,,
DC-C2,18121012,12/10/2018,10:31,,,,,,,0.006,E,,"E, N",3,E,,A,,A,,,,,,,
DC-C3,18121013,12/10/2018,10:31,,,,,,,0.007,E,,"E, N",3,E,,A,,A,,,,,,,
ANA01,18121101,12/11/2018,10:12,,T,152,,2.7,,0.017,,,A,4,,,A,,A,,,,,,,
ANA05,18121102,12/11/2018,10:15,,T,,,,,,,,,4,,,A,,,,,,,,,
ANA08,18121103,12/11/2018,10:20,,T,46,,2.7,,0.022,,,A,6,,,A,,A,,,,,,,
ANA11,18121104,12/11/2018,10:25,,T,,,,,,,,,5,,,A,,,,,,,,,
ANA14,18121105,12/11/2018,10:32,,T,249,,2.5,,0.022,,,A,8,,,A,,A,,,,,,,
ANA19,18121106,12/11/2018,10:46,,T,,,,,,,,,6,,,A,,,,,,,,,
ANA21,18121107,12/11/2018,10:53,,T,66,,2.6,,0.019,,,A,6,,,A,,A,,,,,,,
ANA24,18121108,12/11/2018,11:04,,T,,,,,,,,,1,E,,A,,,,,,,,,
ANA28,18121109,12/11/2018,10:32,,T,285,,2.7,,0.022,,,A,6,,,A,,A,,,,,,,
ANA29,18121110,12/11/2018,11:15,,T,2,,2.8,,0.013,,,A,2,E,,A,,A,,,,,,,
PWC04,18121111,12/11/2018,11:30,,T,102,,2.9,,0.017,,,A,4,,,A,,A,,,,,,,
ANA30,18121112,12/11/2018,10:06,,T,308,,2.8,,0.018,,,A,3,E,,A,,A,,,,,,,
ANA31,18121113,12/11/2018,10:06,,T,,,,,,,,,,,,,,,,,,,,,
TWB01,19020401,2/4/2019,11:02,,T,>2420,,,,0.031,,0.36,,120,,0.003,E,,A,,,,,,,
TWB05,19020402,2/4/2019,10:41,,T,172,,,,0.003,E,0.043,,98,,0.023,,,A,,,,,,,
TWB06,19020403,2/4/2019,10:44,,T,1120,,,,0.027,,0.006,,3,E,0.004,E,,A,,,,,,,
THR01,19020404,2/4/2019,11:30,,T,1414,,,,0.066,,0.17,,4,,0.003,E,,A,,,,,,,
KNG01,19020405,2/4/2019,10:03,,T,86,,,,0.016,,0.491,,12,,0.004,E,,A,,,,,,,
KNG02,19020406,2/4/2019,10:21,,T,26,,,,0.017,,0.465,,8,,0.003,E,,A,,,,,,,
TFS01,19020407,2/4/2019,9:42,,T,>2420,,,,,,,,,,,,,,,,,,,,
TNA01,19020408,2/4/2019,11:14,,T,102,,,,,,,,,,,,,,,,,,,,
TDP01,19020409,2/4/2019,10:03,,T,96,,,,0.015,,0.462,,14,,0.005,,,A,,,,,,,
TDP02,19020410,2/4/2019,9:42,,T,,,,,,,,,,,,,,,,,,,,,
TDP03,19020411,2/4/2019,9:42,,T,,,,,,,,,,,,,,,,,,,,,
TDP05,19020413,2/4/2019,11:30,,T,,,,,,,,,,,,,,,,,,,,,
RCR01,19020501,2/5/2019,11:21,,T,156,,,,0.013,,0.042,,22,,0.003,E,,A,,,,,,,
TMH01,19020502,2/5/2019,10:46,,T,35,,,,,,,,,,,,,,,,,,,,
PTB01,19020503,2/5/2019,10:02,,T,3,,,,0.015,,0.018,,2,E,0.01,,,A,,,,,,,
TKV01,19020504,2/5/2019,10:34,,T,24,,,,,,,,,,,,,,,,,,,,
TFB02,19020505,2/5/2019,12:00,,T,33,,,,,,,,,,,,,,,,,,,,
TLU01,19020506,2/5/2019,11:01,,T,>2420,,,,,,,,,,,,,,,,,,,,
RCR12,19020507,2/5/2019,10:02,,T,1,,,,0.006,,0.03,,2,E,0.003,E,,A,,,,,,,
RCR13,19020508,2/5/2019,10:02,,T,,,,,,,,,,,,,,,,,,,,,
RCR14,19020509,2/5/2019,10:02,,T,,,,,,,,,,,,,,,,,,,,,
ANA01,19021101,2/11/2019,10:33,,T,194,,,,0.01,,0.119,,4,,0.003,E,,A,,,,,,,
ANA05,19021102,2/11/2019,10:39,,T,,,,,,,,,4,,0.003,E,,,,,,,,,
ANA08,19021103,2/11/2019,10:45,,T,194,,,,0.02,,0.239,,15,,0.005,,,A,,,,,,,
ANA11,19021104,2/11/2019,10:50,,T,,,,,,,,,24,,0.004,E,,,,,,,,,
ANA14,19021105,2/11/2019,10:58,,T,122,,,,0.014,,0.21,,19,,0.006,,,A,,,,,,,
ANA19,19021106,2/11/2019,11:13,,T,,,,,,,,,6,,0.006,,,,,,,,,,
ANA21,19021107,2/11/2019,11:19,,T,50,,,,0.005,,0.078,,4,,0.005,,,A,,,,,,,
ANA24,19021108,2/11/2019,11:28,,T,,,,,,,,,17,,0.004,E,,,,,,,,,
ANA28,19021109,2/11/2019,10:58,,T,121,,,,0.015,,0.262,,18,,0.014,,,A,,,,,,,
ANA29,19021110,2/11/2019,11:35,,T,88,,,,0.004,E,0.044,,16,,0.004,E,,A,,,,,,,
PWC04,19021111,2/11/2019,11:43,,T,39,,,,0.005,,0.056,,2,E,0.006,,,A,,,,,,,
ANA30,19021112,2/11/2019,10:27,,T,1986,,,,0.03,,0.189,,11,,0.007,,,A,,,,,,,
ANA31,19021113,2/11/2019,10:27,,T,,,,,,,,,,,,,,,,,,,,,
PMS01,19021201,2/12/2019,10:46,>2420,,345,,,,0.005,,0.013,,22,,0.003,E,,A,,,,,,,
PMS10,19021202,2/12/2019,11:19,>2420,,727,,,,0.005,,0.003,E,25,,0.003,E,,A,,,,,,,
PMS21,19021203,2/12/2019,11:35,>2420,,261,,,,0.007,,0.01,,19,,0.002,E,,A,,,,,,,
PMS29,19021204,2/12/2019,11:50,>2420,,132,,,,0.006,,0.015,,16,,0.001,E,,A,,,,,,,
PMS37,19021205,2/12/2019,9:37,1501,,17,,,,0.003,E,0.07,,6,,0.026,,,A,,,,,,,
PMS44,19021206,2/12/2019,10:00,>2420,,127,,,,0.008,,0.007,,14,,0.006,,,A,,,,,,,
PMS52,19021207,2/12/2019,9:37,1553,,13,,,,0.003,E,0.066,,7,,0.027,,,A,,,,,,,
PMS53,19021208,2/12/2019,9:37,,,,,,,,,,,,,,,,,,,,,,,
TWB01,19030401,3/4/2019,11:39,,T,1444,,1.1,,0.012,,0.035,,4,,0.037,,,A,,,,,,,
TWB05,19030402,3/4/2019,11:17,,T,291,,1.2,,0.015,,0.040,,6,,0.036,,,A,,,,,,,
TWB06,19030403,3/4/2019,11:19,,T,687,,0.9,E,0.013,,0.026,,2,E,0.024,,,A,,,,,,,
THR01,19030404,3/4/2019,12:00,,T,2420,,1.7,,0.046,,0.180,,9,,0.018,,,A,,,,,,,
KNG01,19030405,3/4/2019,10:41,,T,816,,2.2,,0.016,,0.226,,24,,0.021,,,A,,,,,,,
KNG02,19030406,3/4/2019,10:59,,T,1177,,2.1,,0.013,,0.076,,30,,0.017,,,A,,,,,,,
TOR01,19030407,3/4/2019,9:52,,T,326,,,,,,,,,,,,,,,,,,,,
TPB01,19030408,3/4/2019,10:25,,T,365,,,,,,,,,,,,,,,,,,,,
TTX27,19030409,3/4/2019,10:15,,T,167,,,,,,,,,,,,,,,,,,,,
TDP01,19030410,3/4/2019,10:41,,T,1046,,2.1,,0.015,,0.220,,25,,0.018,,,A,,,,,,,
TDP02,19030411,3/4/2019,9:52,,T,,,,,,,,,,,,,,,,,,,,,
TDP03,19030412,3/4/2019,9:52,,T,,,,,,,,,,,,,,,,,,,,,
TDP05,19030414,3/4/2019,12:00,,T,,,,,,,,,,,,,,,,,,,,,
PTB01,19030501,3/5/2019,10:05,,T,28,,1.4,,0.005,E,0.001,E,10,,0.006,,,A,,,,,,,
RCR01,19030502,3/5/2019,11:40,,T,90,,1.1,,0.006,E,0.010,,10,,0.011,,,A,,,,,,,
RCR09,19030503,3/5/2019,10:42,,T,99,,1.3,,0.007,E,0.004,E,6,,0.017,,,A,,,,,,,
TPI01,19030504,3/5/2019,11:17,,T,162,,,,,,,,,,,,,,,,,,,,
TPY01,19030505,3/5/2019,10:53,,T,173,,,,,,,,,,,,,,,,,,,,
TNS01,19030506,3/5/2019,10:29,,T,135,,,,,,,,,,,,,,,,,,,,
TPO01,19030507,3/5/2019,11:23,,T,34,,,,,,,,,,,,,,,,,,,,
TSO01,19030508,3/5/2019,11:01,,T,78,,,,,,,,,,,,,,,,,,,,
RCR12,19030509,3/5/2019,10:05,,T,46,,1.5,,0.006,E,0.006,E,10,,0.006,,,A,,,,,,,
RCR13,19030510,3/5/2019,10:05,,T,,,,,,,,,,,,,,,,,,,,,
RCR14,19030511,3/5/2019,10:05,,T,,,,,,,,,,,,,,,,,,,,,
PMS01,19031101,3/11/2019,10:31,1414,,75,,,A,0.004,E,,(E)(N),19,,0.010,,,A,,,,,,,
PMS10,19031102,3/11/2019,10:41,793,,31,,,A,0.004,E,,(E)(N),10,,0.008,,,A,,,,,,,
PMS21,19031103,3/11/2019,11:22,328,,26,,,A,0.003,E,,(E)(N),8,,0.007,,,A,,,,,,,
PMS29,19031104,3/11/2019,11:32,387,,23,,,A,0.003,E,,(E)(N),6,,0.007,,,A,,,,,,,
PMS37,19031105,3/11/2019,11:42,411,,49,,,A,0.004,E,0.003,E,6,,0.009,,,A,,,,,,,
PMS44,19031106,3/11/2019,11:54,548,,69,,,A,0.003,E,,(E)(N),6,,0.008,,,A,,,,,,,
PMS51,19031107,3/11/2019,12:07,579,,41,,,A,0.006,E,0.117,,8,,0.012,,,A,,,,,,,
PMS52,19031108,3/11/2019,11:42,488,,56,,,A,0.004,E,0.004,E,7,,0.008,,,A,,,,,,,
PMS53,19031109,3/11/2019,10:31,,,,,,,,,,,,,,,,,,,,,,,
DC-C1,19031111,3/11/2019,10:41,,,,,,T,0.003,E,,,13,,0.008,,,A,,,,,,,
DC-C2,19031112,3/11/2019,10:41,,,,,,T,0.002,E,,,12,,0.006,,,A,,,,,,,
DC-C3,19031113,3/11/2019,10:41,,,,,,T,0.003,E,,,11,,0.006,,,A,,,,,,,
ANA01,19031201,3/12/2019,10:41,,T,142,,,A,0.006,E,0.025,,16,,0.004,E,,A,,,,,,,
ANA05,19031202,3/12/2019,10:47,,T,,,,,,,,,24,,0.010,,,,,,,,,,
ANA08,19031203,3/12/2019,10:53,,T,411,,,A,0.009,E,0.036,,34,,0.007,,,A,,,,,,,
ANA11,19031204,3/12/2019,10:59,,T,,,,,,,,,40,,0.005,,,,,,,,,,
ANA14,19031205,3/12/2019,11:08,,T,317,,,A,0.012,,0.054,,26,,0.006,,,A,,,,,,,
ANA19,19031206,3/12/2019,11:31,,T,,,,,,,,,18,,0.010,,,,,,,,,,
ANA21,19031207,3/12/2019,11:40,,T,93,,,A,0.011,,0.083,,10,,0.009,,,A,,,,,,,
ANA24,19031208,3/12/2019,11:49,,T,,,,,,,,,26,,0.011,,,,,,,,,,
ANA28,19031209,3/12/2019,11:08,,T,285,,,A,0.018,,0.053,,27,,0.012,,,A,,,,,,,
ANA29,19031210,3/12/2019,11:58,,T,102,,,A,0.006,E,,(E)(N),26,,0.009,,,A,,,,,,,
PWC04,19031211,3/12/2019,12:06,,T,866,,,A,0.006,E,,(E)(N),8,,0.004,E,,A,,,,,,,
ANA30,19031212,3/12/2019,10:34,,T,187,,,A,0.009,E,,(E)(N),4,,0.005,,,A,,,,,,,
ANA31,19031213,3/12/2019,10:34,,T,,,,,,,,,,,,,,,,,,,,,
ANA01,19032501,3/25/2019,10:20,,T,,T,,T,0.004,E,0.051,,14,,0.012,,,A,,,,,,,
ANA14,19032502,3/25/2019,10:41,,T,,T,,T,0.012,,0.140,,24,,0.028,,,A,,,,,,,
ANA21,19032503,3/25/2019,10:57,,T,,T,,T,0.007,E,0.032,,34,,0.024,,,A,,,,,,,
PMS10,19032504,3/25/2019,11:25,,T,,T,,T,0.006,E,0.042,,56,,0.026,,,A,,,,,,,
PMS21,19032505,3/25/2019,11:42,,T,,T,,T,0.014,,0.097,,33,,0.025,,,A,,,,,,,
PMS29,19032506,3/25/2019,11:52,,T,,T,,T,0.007,E,0.033,,22,,0.022,,,A,,,,,,,
RUN01,19032507,3/25/2019,10:20,,T,,T,,T,,,,,,,,,,,,,,,,,
TWB01,19040101,4/1/2019,11:47,,T,548,,1.7,,0.009,E,,(E)(N),1,E,0.012,,,A,,,,,,,
TWB05,19040102,4/1/2019,11:15,,T,52,,1.2,,0.016,,0.016,,122,,0.065,,,A,,,,,,,
TWB06,19040103,4/1/2019,11:20,,T,211,,1.4,,0.015,,0.020,,42,,0.069,,,A,,,,,,,
THR01,19040104,4/1/2019,12:19,,T,>2420,,2.7,,0.031,,0.016,,8,,0.007,,,A,,,,,,,
KNG01,19040105,4/1/2019,10:25,,T,34,,4.8,,0.041,,>1.0,,26,,0.010,,,A,,,,,,,
KNG02,19040106,4/1/2019,10:47,,T,55,,2.5,,0.021,,0.654,,31,,0.008,,,A,,,,,,,
TNA01,19040107,4/1/2019,11:59,,T,160,,,T,,T,,T,,T,,T,,A,,,,,,,
TDP01,19040108,4/1/2019,10:47,,T,52,,2.2,,0.021,,0.631,,32,,0.006,,,A,,,,,,,
TDP02,19040109,4/1/2019,10:25,,T,,T,,T,,T,,T,,T,,T,,A,,,,,,,
TDP03,19040110,4/1/2019,10:25,,T,,T,,T,,T,,T,,T,,T,,A,,,,,,,
TDP05,19040112,4/1/2019,12:19,,T,,T,,T,,T,,T,,T,,T,,A,,,,,,,
TOR01,19040113,4/1/2019,10:09,,T,114,,,T,,T,,T,,T,,T,,A,,,,,,,
TFS01,19040114,4/1/2019,10:32,,T,12,,,T,,T,,T,,T,,T,,A,,,,,,,
TTX27,19040415,4/1/2019,10:43,,T,36,,,T,,T,,T,,T,,T,,A,,,,,,,
TFD01,19040116,4/1/2019,10:54,,T,73,,,T,,T,,T,,T,,T,,A,,,,,,,
TPB01,19040117,4/1/2019,11:08,,T,34,,,T,,T,,T,,T,,T,,A,,,,,,,
TDU01,19040118,4/1/2019,11:19,,T,52,,,T,,T,,T,,T,,T,,A,,,,,,,
TFC01,19040119,4/1/2019,11:33,,T,1733,,,T,,T,,T,,T,,T,,A,,,,,,,
TCO01,19040201,4/2/2019,12:34,,T,49,,1.3,,0.009,E,,(E)(N),3,E,0.005,,,A,,,,,,,
TCO06,19040202,4/2/2019,11:34,,T,8,,1.1,,0.007,E,,(E)(N),6,,0.005,,,A,,,,,,,
PTB01,19040203,4/2/2019,10:02,,T,11,,1.8,,0.007,E,,(E)(N),12,,0.004,(E),,A,,,,,,,
RCR09,19040204,4/2/2019,10:44,,T,110,,1.2,,0.008,E,,(E)(N),2,E,0.006,,,A,,,,,,,
RCR12,19040205,4/2/2019,10:02,,T,13,,1.8,,0.007,E,,(E)(N),11,,0.004,(E),,A,,,,,,,
TBK01,19040206,4/2/2019,11:38,,T,86,,,T,,T,,T,,T,,T,,T,,,,,,,
TDA01,19040207,4/2/2019,11:13,,T,613,,,T,,T,,T,,T,,T,,T,,,,,,,
TDO01,19040208,4/2/2019,12:16,,T,113,,,T,,T,,T,,T,,T,,T,,,,,,,
RCR13,19040209,4/2/2019,10:02,,T,,T,,,,T,,T,,T,,T,,T,,,,,,,
RCR14,19040210,4/2/2019,10:02,,T,,T,,,,T,,T,,T,,T,,T,,,,,,,
TNS01,19040212,4/2/2019,10:30,,T,416,,,T,,T,,T,,T,,T,,T,,,,,,,
TKV01,19040213,4/2/2019,10:09,,T,35,,,T,,T,,T,,T,,T,,T,,,,,,,
TPY01,19040214,4/2/2019,10:15,,T,50,,,T,,T,,T,,T,,T,,T,,,,,,,
TMH01,19040215,4/2/2019,10:24,,T,517,,,T,,T,,T,,T,,T,,T,,,,,,,
TBR01,19040216,4/2/2019,10:33,,T,93,,,T,,T,,T,,T,,T,,T,,,,,,,
TSO01,19040217,4/2/2019,10:36,,T,,F - bottle broke in transit,,T,,T,,T,,T,,T,,T,,,,,,,
TLU01,19040218,4/2/2019,10:49,,T,>2420,,,T,,T,,T,,T,,T,,T,,,,,,,
TPI01,19040219,4/2/2019,11:35,,T,436,,,T,,T,,T,,T,,T,,T,,,,,,,
TPO01,19040220,4/2/2019,11:03,,T,60,,,T,,T,,T,,T,,T,,T,,,,,,,
TFE01,19040221,4/2/2019,11:10,,T,326,,,T,,T,,T,,T,,T,,T,,,,,,,
RCR01,19040222,4/2/2019,11:23,,T,127,,2.0,,0.007,E,,(E)(N),3,E,0.005,,,A,,,,,,,
TFB02,19040223,4/2/2019,11:55,,T,23,,,,,T,,T,,T,,T,,T,,,,,,,
PMS01,19040801,4/8/2019,10:32,317,,10,,1.6,,0.008,E,,(E)(N),4,,0.002,E,,A,,,,,,,
PMS10,19040802,4/8/2019,10:46,166,,5,,1.4,,0.008,E,,(E)(N),2,E,0.002,E,,A,,,,,,,
PMS21,19040803,4/8/2019,11:04,162,,4,,1.2,,0.008,E,,(E)(N),4,,0.003,E,,A,,,,,,,
PMS29,19040804,4/8/2019,11:15,250,,13,,1.3,,0.010,,0.007,E,7,,0.002,E,,A,,,,,,,
PMS37,19040805,4/8/2019,11:26,365,,6,,1.5,,0.016,,0.147,,8,,0.010,,,A,,,,,,,
PMS44,19040806,4/8/2019,11:40,132,,4,,1.2,,0.009,E,0.029,,9,,0.003,E,,A,,,,,,,
PMS51,19040807,4/8/2019,11:50,111,,1,,1.4,,0.012,,0.073,,8,,0.003,E,,A,,,,,,,
PMS52,19040808,4/8/2019,11:26,345,,5,,1.6,,0.016,,0.145,,8,,0.012,,,A,,,,,,,
PMS53,19040809,4/8/2019,10:32,,T,,T,,T,,T,,T,,T,,T,,,,,,,,,
PMS54,19040810,4/8/2019,10:32,,T,,T,,T,,T,,T,,T,,T,,,,,,,,,
ANA01,19040901,4/9/2019,10:32,,T,114,,1.7,,0.010,,0.100,,19,,0.003,E,,A,,,,,,,
ANA05,19040902,4/9/2019,10:39,,T,,T,,T,,T,,T,15,,0.005,,,T,,,,,,,
ANA08,19040903,4/9/2019,10:45,,T,19,,2.0,,0.018,,0.272,,18,,0.005,,,A,,,,,,,
ANA11,19040904,4/9/2019,10:51,,T,,T,,T,,T,,T,12,,0.009,,,T,,,,,,,
ANA14,19040905,4/9/2019,11:00,,T,49,,1.2,,0.020,,0.335,,8,,0.008,,,A,,,,,,,
ANA19,19040906,4/9/2019,11:22,,T,,T,,T,,T,,T,4,,0.010,,,T,,,,,,,
ANA21,19040907,4/9/2019,11:31,,T,19,,1.3,,0.009,E,0.121,,4,,0.007,,,A,,,,,,,
ANA24,19040908,4/9/2019,11:45,,T,,T,,T,,T,,T,3,,0.002,,,T,,,,,,,
ANA28,19040909,4/2/2019,11:00,,T,70,,1.1,,0.019,,0.293,,6,,0.011,,,A,,,,,,,
ANA29,19040910,4/9/2019,11:54,,T,2,,1.4,,0.004,E,0.021,,3,,0.001,,,A,,,,,,,
PWC04,19040911,4/9/2019,12:06,,T,1300,,2.0,,0.005,E,0.001,(E),4,,0.001,,,A,,,,,,,
ANA30,19040912,4/9/2019,10:23,,T,108,,3.1,,0.012,,0.052,,4,,0.006,,,A,,,,,,,
ANA31,19040913,4/9/2019,10:23,,T,,T,,,,T,,T,,,,T,,T,,,,,,,
ANA32,19040914,4/9/2019,10:23,,T,,T,,,,T,,T,,,,T,,T,,,,,,,
ANA14,19042201,4/22/2019,10:07,,,,,,,0.025,,0.251,,7,,0.008,,,A,,,,,,,
ANA21,19042202,4/22/2019,10:25,,,,,,,0.007,E,0.102,,5,,0.008,,,A,,,,,,,
ANA28,19042203,4/22/2019,10:25,,,,,,,0.025,,0.279,,10,,0.015,,,A,,,,,,,
PMS10,19042204,4/22/2019,10:59,,,,,,,0.002,E,0.008,E,128,,0.010,,,A,,,,,,,
PMS21,19042205,4/22/2019,11:17,,,,,,,0.004,E,0.048,,44,,0.011,,,A,,,,,,,
PMS29,19042206,4/22/2019,11:25,,,,,,,0.005,E,0.017,,48,,0.010,,,A,,,,,,,
PMS52,19042207,4/22/2019,11:17,,,,,,,0.009,E,0.035,,44,,0.015,,,A,,,,,,,
RUN01,19042208,4/22/2019,10:07,,,,,,,,T,,T,,T,,T,,T,,,,,,,
TOR01,19060301,6/3/2019,10:22,,T,631,,T,,0.015,,0.071,,2,E,0.009,,,A,,,,,,,
TFS01,19060302,6/3/2019,10:36,,T,461,,T,,0.019,,0.047,,25,,0.052,,,A,,,,,,,
TTX27,19060303,6/3/2019,10:54,,T,770,,T,,0.019,,0.296,,9,,0.005,,,A,,,,,,,
TFD01,19060304,6/3/2019,11:10,,T,>2420,,T,,0.024,,0.367,,480,,0.003,,,A,,,,,,,
TPB01,19060305,6/3/2019,11:30,,T,111,,T,,0.020,,0.327,,5,,0.001,,,A,,,,,,,
TDU01,19060306,6/3/2019,11:49,,T,1300,,T,,0.015,,0.083,,48,,0.001,,,A,,,,,,,
TFC01,19060307,6/3/2019,12:05,,T,1986,,T,,0.030,,0.061,,6,,0.011,,,A,,,,,,,
TDP04,19060308,6/3/2019,12:40,,T,,T,T,,,T,,T,,T,,T,,T,,,,,,,
TDP06,19060309,6/3/2019,12:40,,T,,T,T,,,T,,T,,T,,T,,T,,,,,,,
TWB01,19060311,6/3/2019,11:41,,T,>2420,,3.2,,0.036,,0.059,,3,E,0.006,,,A,,,,,,,
TWB05,19060312,6/3/2019,11:08,,T,>2420,,1.4,,0.074,,0.092,,3,E,0.019,,,A,,,,,,,
TWB06,19060313,6/3/2019,11:13,,T,816,,0.7,E,0.019,,0.015,,5,,0.008,,,A,,,,,,,
THR01,19060314,6/3/2019,12:12,,T,>2420,,2.2,,0.032,,0.074,,7,,0.006,,,A,,,,,,,
KNG01,19060315,6/3/2019,10:31,,T,179,,4.7,,0.050,,0.472,,8,,0.005,,,A,,,,,,,
KNG02,19060316,6/3/2019,10:44,,T,156,,2.1,,0.043,,0.519,,9,,0.004,,,A,,,,,,,
TNA01,19060317,6/3/2019,11:54,,T,>2420,,,T,0.030,,0.032,,3,E,0.004,,,A,,,,,,,
TDP01,19060318,6/3/2019,10:31,,T,173,,4.8,,0.049,,0.488,,8,,0.010,,,A,,,,,,,
TDP02,19060319,6/3/2019,10:31,,T,,T,,,,T,,T,,T,,T,,T,,,,,,,
TDP03,19060320,6/3/2019,10:31,,T,,T,,T,,T,,T,,T,,T,,T,,,,,,,
TDP05,19060321,6/3/2019,12:12,,T,,T,,T,,T,,T,,T,,T,,T,,,,,,,
RCR09,19060401,6/4/2019,10:35,,T,1482,,1.4,,0.028,,0.025,,10,,0.017,,,A,,,,,,,
TKV01,19060402,6/4/2019,10:58,,T,308,,,T,0.008,E,,,2,E,0.025,,,A,,,,,,,
TPY01,19060403,6/4/2019,11:07,,T,921,,,T,0.021,,0.003,,2,E,0.010,,,A,,,,,,,
TMH01,19060404,6/4/2019,11:20,,T,>2420,,,T,0.025,,0.026,,18,,0.017,,,A,,,,,,,
TBR01,19060405,6/4/2019,11:32,,T,1553,,,T,0.012,,,,4,,0.022,,,A,,,,,,,
TSO01,19060406,6/4/2019,11:39,,T,1553,,,T,0.009,E,,,4,,0.079,,,A,,,,,,,
TLU01,19060407,6/4/2019,11:54,,T,>2420,,,T,0.121,,0.105,,2,E,0.047,,,A,,,,,,,
TPI01,19060408,6/4/2019,12:41,,T,222,,,T,0.012,,,,1,E,0.018,,,A,,,,,,,
TPO01,19060409,6/4/2019,12:08,,T,531,,,T,0.017,,0.012,,4,,0.011,,,A,,,,,,,
TFE01,19060410,6/4/2019,12:13,,T,161,,,T,0.012,,,(E)(N),2,E,0.013,,,A,,,,,,,
RCR01,19060411,6/4/2019,12:28,,T,866,,1.2,,0.024,,0.048,,9,,0.007,,,A,,,,,,,
RCR15,19060412,6/4/2019,10:35,,T,,T,,T,,T,,T,,T,,T,,T,,,,,,,
RCR16,19060413,6/4/2019,10:35,,T,,T,,T,,T,,T,,T,,T,,T,,,,,,,
PTB01,19060415,6/4/2019,10:32,,T,33,,1.6,T,0.019,,0.013,,10,,0.002,,,A,,,,,,,
TNS01,19060416,6/4/2019,10:59,,T,387,,,T,0.009,E,0.008,E,5,,0.008,,,A,,,,,,,
TDA01,19060417,6/4/2019,11:23,,T,1733,,,T,0.024,,0.035,,2,E,0.079,,,A,,,,,,,
TBK01,,,,,,,,,T,,,,,,,,,,,,,,,,,
TCO06,,,,,,,,,,,,,,,,,,,,,,,,,,
TFB02,16060418,6/4/2019,12:01,,T,345,,,T,0.009,E,0.013,,2,E,0.008,,,A,,,,,,,
TDO01,19060419,6/4/2019,12:18,,T,411,,,T,0.019,,0.019,,4,,0.075,,,A,,,,,,,
TCO01,,,,,,,,,,,,,,,,,,,,,,,,,,
RCR12,19060420,6/4/2019,10:32,,T,32,,1.8,,0.019,,0.023,,11,,0.003,E,,A,,,,,,,
RCR13,19060421,6/4/2019,10:32,,T,,T,,,,T,,T,,T,,T,,T,,,,,,,
RCR14,19060422,6/4/2019,10:32,,T,,T,,,,T,,T,,T,,T,,T,,,,,,,
ANA01,19060424,6/4/2019,12:05,,T,614,,,T,,T,,T,,T,,T,,T,,,,,,,
ANA14,19060425,6/4/2019,11:43,,T,28,,,T,,T,,T,,T,,T,,T,,,,,,,
ANA21,19060426,6/4/2019,11:30,,T,55,,,T,,T,,T,,T,,T,,T,,,,,,,
ANA28,19060427,6/4/2019,11:43,,T,32,,,T,,T,,T,,T,,T,,T,,,,,,,
PMS10,19060429,6/4/2019,10:36,,T,15,,,T,,T,,T,,T,,T,,T,,,,,,,
PMS21,19060430,6/4/2019,10:52,,T,60,,,T,,T,,T,,T,,T,,T,,,,,,,
PMS29,19060431,6/4/2019,11:02,,T,24,,,T,,T,,T,,T,,T,,T,,,,,,,
PMS52,19060432,6/4/2019,10:36,,T,12,,,T,,T,,T,,T,,T,,T,,,,,,,
PWC04,19060433,6/4/2019,11:13,,T,11,,,T,,T,,T,,T,,T,,T,,,,,,,
PMS01,19061001,6/10/2019,10:48,>2420,,82,,0.7,E,0.005,E,0.021,,6,,0.175,,,A,,,,,,,
PMS10,19061002,6/10/2019,11:00,>2420,,22,,0.8,E,0.006,E,0.028,,7,,0.001,,,A,,,,,,,
PMS21,19061003,6/10/2019,11:30,2420,,30,,0.8,E,0.006,E,0.058,,12,,0.008,,,A,,,,,,,
PMS29,19061004,6/10/2019,11:40,1414,,7,,0.8,E,0.010,,0.106,,17,,0.014,,,A,,,,,,,
PMS37,19061005,6/10/2019,11:48,1553,,6,,0.9,E,0.011,,0.111,,14,,0.016,,,A,,,,,,,
PMS44,19061006,6/10/2019,12:03,1986,,17,,0.8,E,0.013,,0.131,,18,,0.020,,,A,,,,,,,
PMS51,19061007,6/10/2019,12:12,1414,,10,,1,,0.015,,0.155,,19,,0.022,,,A,,,,,,,
PMS52,19061008,6/10/2019,11:48,1046,,3,,1,,0.010,,0.107,,14,,0.015,,,A,,,,,,,
PMS53,19061009,6/10/2019,10:48,,T,,T,,T,T,,T,,,T,,T,,T,,,,,,,
DC-C1,19061011,6/10/2019,11:00,,,,,,T,0.005,E,0.022,,4,,0.004,E,,A,,,,,,,
DC-C2,19061012,6/10/2019,11:00,,,,,,T,0.006,E,0.020,,4,,0.004,E,,A,,,,,,,
DC-C3,19061013,6/10/2019,11:00,,,,,,T,0.005,E,0.019,,4,,0.006,,,A,,,,,,,
ANA01,19061101,6/11/2019,10:42,,,>2420,,4.6,,0.015,,0.161,,18,,0.008,,,A,,,,,,,
ANA05,19061102,6/11/2019,10:50,,,,,,T,,T,,T,18,,0.008,,,T,,,,,,,
ANA08,19061103,6/11/2019,10:55,,,>2420,,1.9,,0.020,,0.186,,19,,0.009,,,A,,,,,,,
ANA11,19061104,6/11/2019,11:00,,,,T,,T,,T,,T,17,,0.010,,,T,,,,,,,
ANA14,19061105,6/11/2019,11:08,,,355,,1.0,,,R,0.428,,14,,0.010,,,A,,,,,,,
ANA19,19061106,6/11/2019,11:25,,,,T,,T,,T,,T,8,,0.015,,,T,,,,,,,
ANA21,19061107,6/11/2019,11:31,,,365,,0.7,E,0.046,,0.378,,12,,0.015,,,A,,,,,,,
ANA24,19061108,6/11/2019,11:40,,,,T,,T,,T,,T,12,,0.016,,,T,,,,,,,
ANA28,19061109,6/11/2019,11:08,,,435,,1.1,,,R,0.788,,10,,0.010,,,A,,,,,,,
ANA29,19061110,6/11/2019,11:47,,,118,,0.8,E,0.016,,0.150,,22,,0.016,,,A,,,,,,,
PWC04,19061111,6/11/2019,12:00,,,160,,0.5,E,0.013,,0.100,,8,,0.018,,,A,,,,,,,
ANA30,19061112,6/11/2019,10:35,,,>2420,,2,,0.011,,0.081,,29,,0.009,,,A,,,,,,,
ANA31,19061113,6/11/2019,10:30,,,,T,,T,,T,,T,,T,,T,,T,,,,,,,
RCR09,19061115,6/11/2019,10:24,,,1304,,,T,,T,,T,,T,,T,,T,,,,,,,
RCR12,19061116,6/11/2019,10:24,,,1986,,,T,,T,,T,,T,,T,,T,,,,,,,
RCR01,19061118,6/11/2019,10:52,,,1300,,,T,,T,,T,,T,,T,,T,,,,,,,
TCO06,,6/11/2019,11:18,,,,,,T,,,,,,T,,T,,T,,,,,,,
ANA01,19061801,6/18/2019,11:55,,,>2420,,,T,,T,,T,,T,,T,,T,,,,,,,
ANA14,19061802,6/18/2019,11:41,,,196,,,T,,T,,T,,T,,T,,T,,,,,,,
ANA21,19061803,6/18/2019,11:26,,,435,,,T,,T,,T,,T,,T,,T,,,,,,,
ANA28,19061804,6/18/2019,11:41,,,192,,,T,,T,,T,,T,,T,,T,,,,,,,
PMS10,19061806,6/18/2019,10:50,,,114,,,T,,T,,T,,T,,T,,T,,,,,,,
PMS21,19061807,6/18/2019,11:05,,,579,,,T,,T,,T,,T,,T,,T,,,,,,,
PMS29,19061808,6/18/2019,11:12,,,36,,,T,,T,,T,,T,,T,,T,,,,,,,
PMS52,19061809,6/18/2019,10:50,,,140,,,T,,T,,T,,T,,T,,T,,,,,,,
PWC04,19061810,6/18/2019,10:21,,,68,,,T,,T,,T,,T,,T,,T,,,,,,,
TCO06,,,,,,,,,,,T,,T,,,,,,,,,,,,,
RCR01,19061812,6/18/2019,11:08,,,>2420,,,T,,T,,T,,T,,T,,T,,,,,,,
RCR09,19061813,6/18/2019,10:25,,,>2420,,,T,,T,,T,,T,,T,,T,,,,,,,
RCR12,19061814,6/18/2019,10:25,,,>2420,,,T,,T,,T,,T,,T,,T,,,,,,,
ANA01,19062401,6/24/2019,10:21,,T,158,,,T,0.017,,0.208,,12,,0.001,E,,A,,,,,,,
ANA14,19062402,6/24/2019,10:38,,T,84,,,T,0.049,,0.332,,10,,0.007,,,A,,,,,,,
ANA21,19062403,6/24/2019,10:57,,T,201,,,T,0.035,,0.164,,6,,,"E, N",,A,,,,,,,
ANA28,19062404,6/24/2019,10:38,,T,53,,,T,0.047,,0.315,,10,,0.007,,,A,,,,,,,
PMS10,19062406,6/24/2019,11:38,,T,2,,,T,0.006,E,0.036,,2,E,,,,A,,,,,,,
PMS21,19062407,6/24/2019,11:55,,T,4,,,T,0.008,E,0.052,,5,,0.001,E,,A,,,,,,,
PMS29,19062408,6/24/2019,12:05,,T,2,,,T,0.010,,0.074,,10,,0.004,E,,A,,,,,,,
PMS52,19062409,6/24/2019,11:55,,T,<1,,,T,0.006,E,0.042,,7,,0.001,E,,A,,,,,,,
PWC04,19062410,6/24/2019,11:16,,T,113,,,T,,T,,T,,T,T,,,T,,,,,,,
RUN01,19062411,6/24/2019,10:57,,T,,T,,T,,T,,T,,T,T,,,T,,,,,,,
TCO06,,,,,,,,,,,,,,,,,,,,,,,,,,
RCR01,19062413,6/24/2019,11:01,,T,284,,T,,,T,,T,,T,,T,,T,,,,,,,
RCR09,19062414,6/24/2019,10:31,,T,517,,T,,,T,,T,,T,,T,,T,,,,,,,
RCR12,19062415,6/24/2019,10:01,,T,548,,T,,,T,,T,,T,,T,,T,,,,,,,
PMS01,19050601,5/6/2019,10:20,>2420,,>2420,,3.3,,0.022,,0.104,,219,,,A,,A,,,,,,,
PMS10,19050602,5/6/2019,10:28,>2420,,>2420,,2.5,,0.016,,0.101,,73,,,A,,A,,,,,,,
PMS21,19050603,5/6/2019,10:50,>2420,,>2420,,2.0,,0.019,,0.121,,46,,,A,,A,,,,,,,
PMS29,19050604,5/6/2019,10:58,>2420,,>2420,,2.0,,0.020,,0.074,,50,,,A,,A,,,,,,,
PMS37,19050605,5/6/2019,11:06,>2420,,1414,,1.5,,0.009,E,0.074,,26,,,A,,A,,,,,,,
PMS44,19050606,5/6/2019,11:25,>2420,,1120,,1.5,,0.009,E,0.167,,22,,,A,,A,,,,,,,
PMS51,19050607,5/6/2019,11:34,>2420,,225,,1.3,,0.012,,0.156,,18,,,A,,A,,,,,,,
PMS52,19050608,5/6/2019,11:06,>2420,,1300,,1.6,,0.009,E,0.072,,26,,,A,,A,,,,,,,
PMS53,19050609,5/6/2019,10:20,,T,,T,,T,,T,,T,,T,,T,,T,,,,,,,
ANA01,19050701,5/7/2019,12:22,,T,631,,2.5,,,(E)(N),,(E)(N),13,,,A,,A,,,,,,,
ANA05,Dry,,,,,,,,,,,,,,,,,,,,,,,,,
ANA08,19050702,5/7/2019,12:46,,T,225,,2.5,,0.018,,0.149,,22,,,A,,A,,,,,,,
ANA11,,,,,,,,,,,,,,,,,,,,,,,,,,
ANA14,19050703,5/7/2019,10:22,,T,548,,1.3,,0.039,,0.281,,2,E,,A,,A,,,,,,,
ANA19,19050704,5/7/2019,10:44,,T,,T,,,,T,,T,4,,,A,,T,,,,,,,
ANA21,19050705,5/7/2019,10:51,,T,59,,1.4,,0.015,,0.134,,6,,,A,,A,,,,,,,
ANA24,19050706,5/7/2019,11:00,,T,,T,,,,T,,T,14,,,A,,T,,,,,,,
ANA28,19050707,5/7/2019,10:22,,T,54,,1.6,,0.062,(93%) Rpd = 0%,0.552,,2,E,,A,,A,,,,,,,
ANA29,19050708,5/7/2019,11:07,,T,770,,1.6,,0.030,,0.102,,38,,,A,,A,,,,,,,
PWC04,19050709,5/7/2019,11:15,,T,285,,1.5,,0.026,,0.112,,4,,,A,,A,,,,,,,
ANA30,19050710,5/7/2019,12:00,,T,770,,2.4,,0.037,,0.174,,8,,,A,,A,,,,,,,
ANA31,19050711,5/7/2019,10:22,,T,,T,,,,T,,T,,T,,A,,T,,,,,,,
TCO06,19050713,5/7/2019,11:29,,T,218,,T,,,T,,T,,T,,T,,T,,,,,,,
RCR01,19050714,5/7/2019,10:56,,T,411,,T,,,T,,T,,T,,T,,T,,,,,,,
RCR09,19050715,5/7/2019,10:20,,T,411,,T,,,T,,T,,T,,T,,T,,,,,,,
RCR12,19050716,5/7/2019,10:20,,T,365,,T,,,T,,T,,T,,T,,T,,,,,,,
TWB01,19051301,5/13/2019,11:14,,T,>2420,,2.2,,0.010,,0.058,,28,,,A,,A,,,,,,,
TWB05,19051302,5/13/2019,10:53,,T,>2420,,2.4,,0.015,,0.044,,43,,,A,,A,,,,,,,
TWB06,19051303,5/13/2019,10:55,,T,>2420,,2.3,,0.008,E,0.020,,45,,,A,,A,,,,,,,
THR01,19051304,5/13/2019,11:46,,T,>2420,,2.8,,0.019,,0.044,,22,,,A,,A,,,,,,,
KNG01,19051305,5/13/2019,10:15,,T,1414,,2.1,,0.022,,0.404,,14,,,A,,A,,,,,,,
KNG02,19051306,5/13/2019,10:34,,T,>2420,,2.3,,0.015,,0.165,,34,,,A,,A,,,,,,,
TNA01,19051307,5/13/2019,11:26,,T,>2420,,T,,0.010,,0.027,,16,,,A,,A,,,,,,,
TDP01,19051308,5/13/2019,10:15,,T,921,,2.2,,0.020,,0.403,,15,,,A,,A,,,,,,,
TDP02,19051309,5/13/2019,10:15,,T,,T,T,,,T,,T,,T,,T,,T,,,,,,,
TDP03,19051310,5/13/2019,10:15,,T,,T,T,,,T,,T,,T,,T,,T,,,,,,,
TDP05,19051311,5/13/2019,11:46,,T,,T,T,,,T,,T,,T,,T,,T,,,,,,,
TOR01,19051313,5/13/2019,10:02,,T,>2420,,T,,0.012,,0.027,,42,,,A,,A,,,,,,,
TFS01,19051314,5/13/2019,10:28,,T,>2420,,T,,0.017,,0.106,,98,,,A,,A,,,,,,,
TTX27,19051315,5/13/2019,10:42,,T,>2420,,T,,0.010,,0.083,,39,,,A,,A,,,,,,,
TFD01,19051316,5/13/2019,10:57,,T,>2420,,T,,0.009,E,0.082,,60,,,A,,A,,,,,,,
TPB01,19051317,5/13/2019,11:12,,T,>2420,,T,,0.009,E,0.141,,8,,,A,,A,,,,,,,
TDU01,19051318,5/13/2019,11:25,,T,>2420,,T,,0.013,,0.094,,72,,,A,,A,,,,,,,
TFC01,19051319,5/13/2019,11:39,,T,>2420,,T,,0.011,,0.039,,11,,,A,,A,,,,,,,
TDP04,19051321,5/13/2019,12:25,,T,,T,T,,,T,,T,,T,,T,,T,,,,,,,
TDP06,19051322,5/13/2019,12:55,,T,,T,T,,,T,,T,,T,,T,,T,,,,,,,
TNS01,19051401,5/14/2019,10:18,,T,345,,T,,,A,,A,2,E,,A,,A,,,,,,,
RCR09,19051402,5/14/2019,10:30,,T,2192,,2.1,,,A,,A,31,,,A,,A,,,,,,,
TKV01,19051403,5/14/2019,10:43,,T,172,,T,,,A,,A,3,E,,A,,A,,,,,,,
TPY01,19051404,5/14/2019,10:56,,T,548,,T,,,A,,A,12,,,A,,A,,,,,,,
TMH01,19051405,5/14/2019,11:08,,T,326,,T,,,A,,A,8,,,A,,A,,,,,,,
TBR01,19051406,5/14/2019,11:18,,T,980,,T,,,A,,A,2,E,,A,,A,,,,,,,
TSO01,19051407,5/14/2019,11:23,,T,473,,T,,,A,,A,2,E,,A,,A,,,,,,,
TLU01,19051408,5/14/2019,11:34,,T,1733,,T,,,A,,A,2,E,,A,,A,,,,,,,
TPI01,,,,,,,,,,,,,,,,,,,,,,,,,,
TPO01,19051409,5/14/2019,11:50,,T,365,,T,,,A,,A,3,E,,A,,A,,,,,,,
TFE01,19051410,5/14/2019,11:57,,T,261,,T,,,A,,A,2,E,,A,,A,,,,,,,
RCR01,19051411,5/14/2019,12:13,,T,1733,,1.7,,,A,,A,24,,,A,,A,,,,,,,
RCR17,19051412,5/14/2019,12:13,,T,1300,,T,,,T,,T,,T,,T,,T,,,,,,,
RCR15,19051413,5/14/2019,10:18,,T,,T,T,,,T,,T,,T,,T,,T,,,,,,,
RCR16,19051414,5/14/2019,10:18,,T,,T,T,,,T,,T,,T,,T,,T,,,,,,,
PTB01,19051416,5/14/2019,10:28,,T,503,,1.6,,,A,,A,11,,,A,,A,,,,,,,
TDA01,19051417,5/14/2019,11:13,,T,579,,T,,,A,,A,0,N,,A,,A,,,,,,,
TBK01,19051418,5/14/2019,11:35,,T,308,,T,,,A,,A,4,,,A,,A,,,,,,,
TCO06,,,,,,,,,,,,,,,,,,,,,,,,,,
TFB02,19051419,5/14/2019,11:52,,T,345,,T,,,A,,A,0,N,,A,,A,,,,,,,
TDO01,19051420,5/14/2019,12:13,,T,345,,T,,,A,,A,4,,,A,,A,,,,,,,
TCO01,,,,,,,,,,,,,,,,,,,,,,,,,,
RCR12,19051421,5/14/2019,10:28,,T,548,,1.7,,,A,,A,10,,,A,,A,,,,,,,
RCR13,19051422,5/14/2019,10:28,,T,,T,T,,,T,,T,,T,,T,,T,,,,,,,
RCR14,19051423,5/14/2019,10:28,,T,,T,T,,,T,,T,,T,,T,,T,,,,,,,
ANA01,19051425,5/14/2019,11:38,,T,>2420,,T,,,T,,T,,T,,T,,T,,,,,,,
ANA14,19051426,5/14/2019,11:24,,T,>2420,,T,,,T,,T,,T,,T,,T,,,,,,,
ANA21,19051427,5/14/2019,11:07,,T,770,,T,,,T,,T,,T,,T,,T,,,,,,,
ANA28,19051428,5/14/2019,11:07,,T,980,,T,,,T,,T,,T,,T,,T,,,,,,,
PMS10,19051430,5/14/2019,10:21,,T,2192,,T,,,T,,T,,T,,T,,T,,,,,,,
PMS21,19051431,5/14/2019,10:37,,T,1986,,T,,,T,,T,,T,,T,,T,,,,,,,
PMS29,19051432,5/14/2019,10:48,,T,>2420,,T,,,T,,T,,T,,T,,T,,,,,,,
PMS52,19051433,5/14/2019,10:37,,T,1986,,T,,,T,,T,,T,,T,,T,,,,,,,
PWC04,19051434,5/14/2019,12:08,,T,228,,T,,,T,,T,,T,,T,,T,,,,,,,
TCO01,,,,,,,,,,,,,,,,,,,,,,,,,,
ANA14,19052001,5/20/2019,12:01,,T,228,,T,,0.030,,0.351,,4,,,A,,A,,,,,,,
ANA21,19052002,5/20/2019,11:43,,T,548,,T,,0.020,,0.172,,4,,,A,,A,,,,,,,
ANA28,19052003,5/20/2019,12:01,,T,225,,T,,0.036,,0.344,,5,,,A,,A,,,,,,,
PMS10,19052005,5/20/2019,10:52,,T,34,,T,,0.010,,,(E)(N),14,,,A,,A,,,,,,,
PMS21,19052006,5/20/2019,11:15,,T,22,,T,,0.011,,0.013,,7,,,A,,A,,,,,,,
PMS29,19052007,5/20/2019,11:28,,T,32,,T,,0.011,,0.015,,10,,,A,,A,,,,,,,
PMS52,19052008,5/20/2019,10:52,,T,38,,T,,0.010,,,(E)(N),14,,,A,,A,,,,,,,
PWC04,19052009,5/20/2019,10:25,,T,291,,T,,,T,,T,,T,,T,,T,,,,,,,
RUN 01,19052010,5/20/2019,10:52,,T,,T,T,,,T,,T,,T,,T,,T,,,,,,,
RCR01,19052012,5/20/2019,10:51,,,378,,T,,,T,,T,,T,,T,,T,,,,,,,
RCR09,19052013,5/20/2019,10:16,,,178,,T,,,T,,T,,T,,T,,T,,,,,,,
RCR12,19052014,5/20/2019,10:16,,,326,,T,,,T,,T,,T,,T,,T,,,,,,,
ANA01,19052801,5/28/2019,10:21,,,>2420,,,,,T,,T,,,,T,,T,,,,,,,
ANA14,19052802,5/28/2019,10:39,,,>2420,,,,,T,,T,,,,T,,T,,,,,,,
ANA21,19052803,5/28/2019,10:50,,,365,,,,,T,,T,,,,T,,T,,,,,,,
ANA28,19052804,5/28/2019,10:39,,,2420,,,,,T,,T,,,,T,,T,,,,,,,
PMS10,19052806,5/28/2019,11:30,,,411,,,,,T,,T,,,,T,,T,,,,,,,
PMS21,19052807,5/28/2019,11:46,,,>2420,,,,,T,,T,,,,T,,T,,,,,,,
PMS29,19052808,5/28/2019,11:56,,,56,,,,,T,,T,,,,T,,T,,,,,,,
PMS52,19052809,5/28/2019,11:30,,,613,,,,,T,,T,,,,T,,T,,,,,,,
PWC04,19052810,5/28/2019,11:05,,,64,,,,,T,,T,,,,T,,T,,,,,,,
TCO06,19052812,5/28/2019,11:26,,,>2420,,,,,T,,T,,,,T,,T,,,,,,,
RCR01,19052813,5/28/2019,10:56,,,>2420,,,,,T,,T,,,,T,,T,,,,,,,
RCR09,19052814,5/28/2019,10:24,,,>2420,,,,,T,,T,,,,T,,T,,,,,,,
RCR12,19052815,5/28/2019,10:24,,,>2420,,,,,T,,T,,,,T,,T,,,,,,,
ANA01,19070101,7/1/2019,11:44,,T,203,,,T,,,,,,T,,T,,T,,,,,,,
ANA14,19070102,7/1/2019,12:02,,T,29,,,T,,,,,,T,,T,,T,,,,,,,
ANA21,19070103,7/1/2019,12:16,,T,146,,,T,,,,,,T,,T,,T,,,,,,,
ANA28,19070104,7/1/2019,12:02,,T,21,,,T,,,,,,T,,T,,T,,,,,,,
PMS10,19070106,7/1/2019,10:22,,T,7,,,T,,,,,,T,,T,,T,,,,,,,
PMS21,19070107,7/1/2019,10:33,,T,7,,,T,,,,,,T,,T,,T,,,,,,,
PMS29,19070108,7/1/2019,10:41,,T,5,,,T,,,,,,T,,T,,T,,,,,,,
PMS52,19070109,7/1/2019,10:22,,T,4,,,T,,,,,,T,,T,,T,,,,,,,
PWC04,19070110,7/1/2019,10:53,,T,20,,,T,,,,,,T,,T,,T,,,,,,,
TCO06,19070112,7/1/2019,11:18,,T,224,,,T,,,,,,T,,T,,T,,,,,,,
RCR01,19070113,7/1/2019,10:51,,T,178,,,T,,,,,,T,,T,,T,,,,,,,
RCR09,19070114,7/1/2019,10:25,,T,249,,,T,,,,,,T,,T,,T,,,,,,,
RCR12,19070115,7/1/2019,10:25,,T,411,,,T,,,,,,T,,T,,T,,,,,,,
TWB01,19070801,7/8/2019,11:54,,T,>24196,,3.9,,0.013,,0.086,,577,,0.059,,,A,,,,,,,
TWB05,19070802,7/8/2019,11:23,,T,>4839,,4.4,,0.015,,0.087,,828,,0.052,,,A,,,,,,,
TWB06,19070803,7/8/2019,11:29,,T,>2420,,3.6,,0.013,,0.063,,264,,0.125,,,A,,,,,,,
THR01,19070804,7/8/2019,12:32,,T,>2420,,3.4,,0.022,,0.124,,38,,0.050,,,A,,,,,,,
KNG01,19070805,7/8/2019,10:33,,T,>2420,,1.9,,0.041,,0.273,,32,,0.013,,,A,,,,,,,
KNG02,19070806,7/8/2019,10:59,,T,>2420,,1.7,,0.037,,0.383,,26,,0.011,,,A,,,,,,,
TNA01,19070807,7/8/2019,12:08,,T,>2420,,,T,0.027,,0.052,,36,,0.084,,,A,,,,,,,
TDP01,19070808,7/8/2019,10:33,,T,>2420,,1.9,,0.041,,0.283,,32,,0.029,,,A,,,,,,,
TDP02,19070809,7/8/2019,10:33,,T,,T,,T,,T,,T,,T,,T,,T,,,,,,,
TDP05,19070810,7/8/2019,12:32,,T,,T,,T,,T,,T,,T,,T,,T,,,,,,,
TDP03,19070812,7/8/2019,10:33,,T,,T,,T,,T,,T,,T,,T,,T,,,,,,,
TOR01,,,,,T,,T,,T,,,,,,T,,T,,T,,,,,,,
TFS01,19070813,7/8/2019,10:35,,T,>24196,,,T,0.024,,0.056,,1762,,0.033,,,A,,,,,,,
TTX27,,,,,T,,T,,T,,,,,,T,,T,,T,,,,,,,
TFD01,19070814,7/8/2019,10:57,,T,>4839,,,T,0.020,,0.066,,260,,0.020,,,A,,,,,,,
TPB01,19070815,7/8/2019,11:15,,T,>2420,,,T,0.022,,0.088,,294,,0.029,,,A,,,,,,,
TDU01,19070816,7/8/2019,11:30,,T,>4839,,,T,0.028,,0.056,,1188,,0.022,,,A,,,,,,,
TFC01,19070817,7/8/2019,11:50,,T,>2420,,,T,0.037,,0.096,,83,,0.098,,,A,,,,,,,
TDP04,19070818,7/8/2019,1:35,,T,,T,,T,,T,,T,,T,,T,,T,,,,,,,
TDP06,19070819,7/8/2019,1:35,,T,,T,,T,,T,,T,,T,,T,,T,,,,,,,
RCR09,19070901,7/9/2019,10:20,,T,>2420,,1.9,,0.025,,0.087,,62,,0.017,,,A,,,,,,,
TKV01,19070902,7/9/2019,10:36,,T,387,,,T,0.005,E,,(E)(N),2,E,0.018,,,A,,,,,,,
TPY01,19070903,7/9/2019,10:46,,T,866,,,T,0.021,,0.031,,2,E,0.020,,,A,,,,,,,
TMH01,19070904,7/9/2019,10:57,,T,>2420,,,T,0.009,E,0.016,,115,,0.030,,,A,,,,,,,
TBR01,19070905,7/9/2019,11:07,,T,>2420,,,T,0.044,,0.245,,1,E,0.021,,,A,,,,,,,
TSO01,19070906,7/9/2019,11:11,,T,687,,,T,0.006,E,,(E)(N),2,E,0.061,,,A,,,,,,,
TLU01,19070907,7/9/2019,11:25,,T,770,,,T,0.031,,0.020,,6,,0.039,,,A,,,,,,,
TPI01,19070908,7/9/2019,12:10,,T,1733,,,T,0.006,E,,(E)(N),18,,0.024,,,A,,,,,,,
TPO01,19070909,7/9/2019,11:38,,T,579,,,T,0.018,,0.018,,2,E,0.029,,,A,,,,,,,
TFE01,19070910,7/9/2019,11:44,,T,770,,,T,0.011,,0.005,(E),,"N, E",0.020,,,A,,,,,,,
RCR01,19070911,7/9/2019,12:00,,T,>2420,,2.4,,0.011,,0.037,,60,,0.005,,,A,,,,,,,
RCR15,19070912,7/9/2019,,,T,,T,,T,,T,,T,,T,,T,,T,,,,,,,
RCR16,19070913,7/9/2019,,,T,,T,,T,,T,,T,,T,,T,,T,,,,,,,
RCR17,19070915,7/9/2019,10:20,,T,>2420,,,T,,T,,T,,T,,T,,T,,,,,,,
PTB01,19070916,7/9/2019,10:23,,T,980,,2.3,,0.009,E,,(E)(N),10,,0.004,(E),,A,,,,,,,
TNS01,19070917,7/9/2019,10:53,,T,649,,,T,0.006,E,0.001,E,1,E,0.023,,,A,,,,,,,
TDA01,19070918,7/9/2019,11:22,,T,>2420,,,T,0.012,,0.064,,12,,0.082,,,A,,,,,,,
TBK01,19070919,7/9/2019,11:47,,T,770,,,T,0.006,E,,(E)(N),4,,0.021,,,A,,,,,,,
TCO06,,7/9/2019,,,T,,T,,T,,,,T,,T,,T,,T,,,,,,,
TFB01,19070920,7/9/2019,12:11,,T,1258,,,T,0.005,E,,(E)(N),17,,0.015,,,A,,,,,,,
TDO01,19070921,7/9/2019,12:23,,T,517,,,T,0.016,,0.018,,6,,0.070,,,A,,,,,,,
TCO01,,7/9/2019,,,T,,T,,T,,T,,T,,T,,T,,T,,,,,,,
RCR12,19070922,7/9/2019,10:23,,T,921,,2.2,,0.010,,,(E)(N),11,,0.006,E,,A,,,,,,,
RCR13,19070923,7/9/2019,10:23,,T,,T,,T,,T,,T,,T,,T,,T,,,,,,,
RCR14,19070924,7/9/2019,10:23,,T,,T,,T,,T,,T,,T,,T,,T,,,,,,,
ANA01,19070926,7/9/2019,10:45,,T,>2420,,,T,,T,,T,,T,,T,,T,,,,,,,
ANA14,19070927,7/9/2019,11:08,,T,>2420,,,T,,T,,T,,T,,T,,T,,,,,,,
ANA21,19070928,7/9/2019,11:27,,T,>2420,,,T,,T,,T,,T,,T,,T,,,,,,,
ANA28,19070929,7/9/2019,11:08,,T,>2420,,,T,,T,,T,,T,,T,,T,,,,,,,
PMS10,19070931,7/9/2019,12:00,,T,1986,,,T,,T,,T,,T,,T,,T,,,,,,,
PMS21,19070932,7/9/2019,12:10,,T,1986,,,T,,T,,T,,T,,T,,T,,,,,,,
PMS29,19070933,7/9/2019,12:20,,T,1046,,,T,,T,,T,,T,,T,,T,,,,,,,
PMS52,19070934,7/9/2019,12:10,,T,1676,,,T,,T,,T,,T,,T,,T,,,,,,,
PWC04,19070935,7/9/2019,12:26,,T,261,,,T,,T,,T,,T,,T,,T,,,,,,,
PMS01,19071501,7/15/2019,10:47,>2420,,32,,0.3,E,0.007,E,0.004,(E),20,,0.029,,,A,,,,,,,
PMS10,19071502,7/15/2019,11:03,>2420,,28,,0.2,E,0.007,E,0.010,,8,,0.030,,,A,,,,,,,
PMS21,19071503,7/15/2019,11:18,>2420,,61,,0.2,E,0.008,E,0.022,,12,,0.031,,,A,,,,,,,
PMS29,19071504,7/15/2019,11:28,>2420,,23,,0.6,E,0.012,,0.028,,11,,0.026,,,A,,,,,,,
PMS37,19071505,7/15/2019,11:37,>2420,,14,,0.4,E,0.011,,0.039,,10,,0.031,,,A,,,,,,,
PMS44,19071506,7/15/2019,11:52,>2420,,21,,0.5,E,0.013,,0.041,,10,,0.030,,,A,,,,,,,
PMS51,19071507,7/15/2019,12:03,>2420,,23,,1.3,,0.018,,0.028,,19,,0.021,,,A,,,,,,,
PMS52,19071508,7/15/2019,11:37,>2420,,24,,0.4,E,0.011,,0.038,,12,,0.036,,,A,,,,,,,
PMS53,19071509,7/15/2019,10:47,,T,,T,,T,,T,,T,,T,,T,,A,,,,,,,
PMS54,19071510,7/15/2019,10:47,,T,,T,,T,,T,,T,,T,,T,,A,,,,,,,
ANA01,19071601,7/16/2019,11:41,,T,84,,2.7,,0.021,,0.003,E,14,,0.006,,,A,,,,,,,
ANA05,19071602,7/16/2019,11:36,,T,,T,,T,,T,,T,12,,0.011,,,A,,,,,,,
ANA08,19071603,7/16/2019,11:28,,T,172,,1.3,,0.045,,0.314,,6,,0.023,,,A,,,,,,,
ANA11,19071604,7/16/2019,11:20,,T,,T,,T,,T,,T,6,,0.025,,,A,,,,,,,
ANA14,19071605,7/16/2019,11:05,,T,248,,0.8,E,0.047,,0.262,,8,,0.018,,,A,,,,,,,
ANA19,19071606,7/16/2019,10:54,,T,,T,,T,,T,,T,7,,0.004,,,A,,,,,,,
ANA21,19071607,7/16/2019,10:48,,T,96,,2.2,,0.034,,0.086,,8,,0.005,,,A,,,,,,,
ANA24,19071608,7/16/2019,10:40,,T,,T,,T,,T,,T,10,,0.005,,,A,,,,,,,
ANA28,19071609,7/16/2019,11:05,,T,261,,0.9,E,0.048,,0.277,,9,,0.018,,,A,,,,,,,
ANA29,19071610,7/16/2019,10:18,,T,16,,0.8,E,0.024,,0.032,,8,,0.025,,,A,,,,,,,
PWC04,19071611,7/16/2019,10:29,,T,10,,1.9,,0.022,,0.007,E,4,,0.004,,,A,,,,,,,
ANA30,19071612,7/16/2019,11:48,,T,345,,2.3,,0.015,,0.003,E,10,,0.004,,,A,,,,,,,
ANA31,19071613,7/16/2019,10:18,,T,,T,,T,,T,,T,,T,,T,,T,,,,,,,
ANA32,19071614,7/16/2019,10:18,,T,,T,,T,,T,,T,,T,,T,,T,,,,,,,
TCO06,,,,,,,T,,,,,,T,,T,,T,,T,,,,,,,
RCR01,19071616,7/16/2019,10:39,,T,194,,,T,,T,,T,,T,,T,,T,,,,,,,
RCR09,19071617,7/16/2019,10:09,,T,365,,,T,,T,,T,,T,,T,,T,,,,,,,
RCR12,19071618,7/16/2019,10:09,,T,435,,,T,,T,,T,,T,,T,,T,,,,,,,
ANA01,19072201,7/22/2019,10:34,,T,68,,,T,,T,,T,,T,,T,,T,,,,,,,
ANA14,19072202,7/22/2019,10:48,,T,236,,,T,,T,,T,,T,,T,,T,,,,,,,
ANA21,19072203,7/22/2019,11:05,,T,28,,,T,,T,,T,,T,,T,,T,,,,,,,
ANA28,19072204,7/22/2019,10:48,,T,120,,,T,,T,,T,,T,,T,,T,,,,,,,
PMS10,19072206,7/22/2019,11:32,,T,64,,,T,,T,,T,,T,,T,,T,,,,,,,
PMS21,19072207,7/22/2019,11:47,,T,28,,,T,,T,,T,,T,,T,,T,,,,,,,
PMS29,19072208,7/22/2019,11:57,,T,3,,,T,,T,,T,,T,,T,,T,,,,,,,
PMS52,19072209,7/22/2019,11:47,,T,12,,,T,,T,,T,,T,,T,,T,,,,,,,
PWC04,19072210,7/22/2019,12:05,,T,2,,,T,,T,,T,,T,,T,,T,,,,,,,
TCO06,19072212,7/22/2019,11:02,,T,355,,,T,,T,,T,,T,,T,,T,,,,,,,
RCR01,19072213,7/22/2019,10:36,,T,>2420,,,T,,T,,T,,T,,T,,T,,,,,,,
RCR09,19072214,7/22/2019,10:06,,T,>2420,,,T,,T,,T,,T,,T,,T,,,,,,,
RCR12,19072215,7/22/2019,10:06,,T,>2420,,,T,,T,,T,,T,,T,,T,,,,,,,
ANA01,19072901,7/29/2019,11:39,,,182,,,T,0.014,,0.056,,12,,0.006,,,A,,,,,,,
ANA14,19072902,7/29/2019,11:56,,,28,,,T,0.065,,0.247,,11,,0.010,,,A,,,,,,,
ANA21,19072903,7/29/2019,12:10,,,88,,,T,0.070,,0.137,,8,,0.006,,,A,,,,,,,
ANA28,19072904,7/29/2019,11:56,,,16,,,T,0.067,,0.254,,11,,0.010,,,A,,,,,,,
PMS10,19072906,7/29/2019,10:24,,,5,,,T,0.013,,0.032,,7,,0.019,,,A,,,,,,,
PMS21,19072907,7/29/2019,10:40,,,2,,,T,0.013,,0.033,,2,E,0.021,,,A,,,,,,,
PMS29,19072908,7/29/2019,10:50,,,1,,,T,0.014,,0.058,,6,,0.027,,,A,,,,,,,
PMS52,19072909,7/29/2019,10:40,,,5,,,T,0.014,,0.029,,4,,0.020,,,A,,,,,,,
PWC04,19072910,7/29/2019,11:00,,,16,,,T,,T,,T,,T,,T,,T,,,,,,,
RUN 01,19072911,7/29/2019,10:24,,,,T,,T,,T,,T,,T,,T,,T,,,,,,,
TCO06,19072913,7/29/2019,11:05,,,22,,,T,,T,,T,,T,,T,,T,,,,,,,
RCR01,19072914,7/29/2019,10:29,,,326,,,T,,T,,T,,T,,T,,T,,,,,,,
RCR09,19072915,7/29/2019,10:09,,,308,,,T,,T,,T,,T,,T,,T,,,,,,,
RCR12,19072916,7/29/2019,10:09,,,488,,,T,,T,,T,,T,,T,,T,,,,,,,
